{
    "sample_id": 16,
    "read_joints": [
        56.42,
        -127.52,
        44.29,
        93.6,
        -27.94,
        -4.21
    ],
    "R": [
        [
            0.8722519402153813,
            -0.47039651113790165,
            -0.13380457305015322
        ],
        [
            0.4626651115098559,
            0.882358713082473,
            -0.08593071420176285
        ],
        [
            0.1584851400956152,
            0.013046524561981606,
            0.9872751602651126
        ]
    ],
    "t": [
        [
            0.18834017874244122
        ],
        [
            0.13063615268930923
        ],
        [
            0.15593029650721088
        ]
    ]
}