{
    "sample_id": 10,
    "read_joints": [
        46.49,
        -125.68,
        116.63,
        31.11,
        -29.35,
        -4.3
    ],
    "R": [
        [
            0.9125417307114894,
            -0.2968573887782031,
            -0.28132413793597205
        ],
        [
            0.24601532766821196,
            0.9479282056143132,
            -0.20225866152166722
        ],
        [
            0.326717065689916,
            0.1153594198713377,
            0.9380555196874437
        ]
    ],
    "t": [
        [
            0.14346646550544162
        ],
        [
            0.026673354119428543
        ],
        [
            0.24663325428016256
        ]
    ]
}