{
    "sample_id": 5,
    "read_joints": [
        38.23,
        -102.48,
        1.49,
        103.35,
        -65.39,
        -4.04
    ],
    "R": [
        [
            0.8886577644236319,
            0.4585703798189109,
            0.0007589226040341625
        ],
        [
            -0.4582959552752721,
            0.8880662227190198,
            0.036099743945869324
        ],
        [
            0.015880299867919778,
            -0.03242812907251149,
            0.9993479001422618
        ]
    ],
    "t": [
        [
            0.23946518898140148
        ],
        [
            0.05252606267547371
        ],
        [
            0.1635834132482534
        ]
    ]
}