{
    "sample_id": 0,
    "read_joints": [
        15.55,
        -74.17,
        1.49,
        89.64,
        -2.28,
        2.02
    ],
    "R": [
        [
            0.9317939383478278,
            -0.23994614557115052,
            -0.27237088586108466
        ],
        [
            0.2164746720952411,
            0.9696509645350286,
            -0.11364733388992541
        ],
        [
            0.29137393293233893,
            0.046934498785193006,
            0.9554571576092797
        ]
    ],
    "t": [
        [
            0.23219854011521235
        ],
        [
            -0.0007403226547415031
        ],
        [
            0.27484837592275285
        ]
    ]
}