{
    "sample_id": 6,
    "read_joints": [
        -0.17,
        -103.71,
        1.58,
        117.07,
        27.77,
        -4.21
    ],
    "R": [
        [
            0.8570987426272934,
            -0.4258277856725286,
            -0.289917985668551
        ],
        [
            0.46148874183180427,
            0.8847784431122897,
            0.06477064575541965
        ],
        [
            0.22893204461540897,
            -0.18930872654420217,
            0.9548572254833164
        ]
    ],
    "t": [
        [
            0.22323110953433684
        ],
        [
            -0.039648199026209675
        ],
        [
            0.16716603717685088
        ]
    ]
}