{
    "sample_id": 19,
    "read_joints": [
        -10.63,
        -98.87,
        44.38,
        69.34,
        16.87,
        -4.3
    ],
    "R": [
        [
            0.9627575304731636,
            -0.0783115973086041,
            -0.2587764019160242
        ],
        [
            0.1125981492095823,
            0.9863153360300648,
            0.12043133411982153
        ],
        [
            0.24580396472774937,
            -0.14508391836843898,
            0.9584002622189495
        ]
    ],
    "t": [
        [
            0.2008701386914273
        ],
        [
            -0.08604643646314257
        ],
        [
            0.2531455014761249
        ]
    ]
}