{
    "sample_id": 25,
    "read_joints": [
        81.12,
        -91.05,
        101.86,
        -108.98,
        -84.02,
        -3.86
    ],
    "R": [
        [
            0.9801734938659896,
            -0.13558541973549207,
            0.1444870164002707
        ],
        [
            -0.16873318418866026,
            -0.18890214228500868,
            0.9673908629977472
        ],
        [
            -0.10387019021906069,
            -0.9725906453904699,
            -0.20803463408096104
        ]
    ],
    "t": [
        [
            0.13509347163386723
        ],
        [
            0.14143501354313964
        ],
        [
            0.20981373413234336
        ]
    ]
}