{
    "sample_id": 4,
    "read_joints": [
        76.2,
        -108.36,
        1.58,
        121.55,
        -72.68,
        -4.04
    ],
    "R": [
        [
            0.995975053515966,
            -0.062329654149341995,
            -0.06441034369736479
        ],
        [
            0.04991031966357245,
            0.9825699480984176,
            -0.17906772346072244
        ],
        [
            0.07444889789709382,
            0.17513224598323046,
            0.981726055965923
        ]
    ],
    "t": [
        [
            0.15246068093947462
        ],
        [
            0.1623168414390939
        ],
        [
            0.14427148108471038
        ]
    ]
}