{
    "sample_id": 7,
    "read_joints": [
        -0.17,
        -104.23,
        45.96,
        84.99,
        -8.78,
        -4.13
    ],
    "R": [
        [
            0.8819836764608944,
            0.17301387283043687,
            -0.4383731165459479
        ],
        [
            -0.15757350552163227,
            0.9849019993192202,
            0.07168425339231185
        ],
        [
            0.44415693143558715,
            0.005851647375705273,
            0.895929893198177
        ]
    ],
    "t": [
        [
            0.1996275907829554
        ],
        [
            -0.06963395301650781
        ],
        [
            0.24257566627082708
        ]
    ]
}