{
    "sample_id": 13,
    "read_joints": [
        -50.09,
        -98.61,
        86.04,
        34.98,
        37.17,
        -3.86
    ],
    "R": [
        [
            0.9353653514234471,
            0.27064077384483126,
            -0.22769545833873342
        ],
        [
            -0.17927017538036807,
            0.9177466212736004,
            0.35440560803852683
        ],
        [
            0.3048833472269729,
            -0.29067972292437005,
            0.9069462147327019
        ]
    ],
    "t": [
        [
            0.0633900160540711
        ],
        [
            -0.1263752785831589
        ],
        [
            0.2911941381264008
        ]
    ]
}