{
    "sample_id": 27,
    "read_joints": [
        33.75,
        -136.05,
        101.77,
        96.15,
        -46.75,
        -3.95
    ],
    "R": [
        [
            0.6728633808670589,
            -0.04215437984122683,
            -0.7385647357081927
        ],
        [
            -0.42844188739948286,
            0.7916845586319133,
            -0.43551474642163146
        ],
        [
            0.6030691562749116,
            0.6094739995020634,
            0.514634851166253
        ]
    ],
    "t": [
        [
            0.12451070127170853
        ],
        [
            -0.03410746416809607
        ],
        [
            0.1984307116300423
        ]
    ]
}