{
    "sample_id": 2,
    "read_joints": [
        22.5,
        -103.62,
        1.49,
        112.76,
        -0.7,
        1.93
    ],
    "R": [
        [
            0.9134018027625468,
            -0.3754039767739948,
            -0.15738168902355137
        ],
        [
            0.36289697471194293,
            0.9261260313308791,
            -0.10293857418838785
        ],
        [
            0.18439883016678416,
            0.03691094060915519,
            0.9821581593604477
        ]
    ],
    "t": [
        [
            0.2412554031754581
        ],
        [
            0.033203234382643436
        ],
        [
            0.16680714875286867
        ]
    ]
}