{
    "sample_id": 26,
    "read_joints": [
        33.75,
        -118.38,
        101.86,
        37.96,
        -47.37,
        -3.95
    ],
    "R": [
        [
            0.9325520473787016,
            0.21581595519543537,
            -0.2894307243579018
        ],
        [
            -0.26381635386268426,
            0.9546208495293707,
            -0.13820258337760935
        ],
        [
            0.2464702830822728,
            0.20523766186673134,
            0.9471694122709472
        ]
    ],
    "t": [
        [
            0.16274891639074773
        ],
        [
            -0.009154499890570756
        ],
        [
            0.2522851156412438
        ]
    ]
}