{
    "sample_id": 14,
    "read_joints": [
        -3.6,
        -127.61,
        85.95,
        54.31,
        -21.26,
        -3.86
    ],
    "R": [
        [
            0.8837468977140567,
            0.4275135460826506,
            -0.1903249427224492
        ],
        [
            -0.4213169146446128,
            0.903888163188677,
            0.07401509174714643
        ],
        [
            0.2036749184573917,
            0.01477651002004645,
            0.9789270542230623
        ]
    ],
    "t": [
        [
            0.17507591653374355
        ],
        [
            -0.09056070677597107
        ],
        [
            0.21784612890965732
        ]
    ]
}