{
    "sample_id": 8,
    "read_joints": [
        -0.52,
        -72.42,
        40.69,
        28.12,
        -0.96,
        -4.3
    ],
    "R": [
        [
            0.997661240022853,
            0.022021647387471626,
            0.0647077590275081
        ],
        [
            -0.02673967063166435,
            0.9969751884961002,
            0.07297574456490749
        ],
        [
            -0.06290498427241177,
            -0.07453533613625332,
            0.9952323565363124
        ]
    ],
    "t": [
        [
            0.20783151501818906
        ],
        [
            -0.06423563086320284
        ],
        [
            0.3165318022196456
        ]
    ]
}