{
    "sample_id": 15,
    "read_joints": [
        19.95,
        -127.52,
        44.38,
        121.02,
        -38.67,
        -3.86
    ],
    "R": [
        [
            0.7918574564357119,
            0.23778621023194746,
            -0.5625117607673059
        ],
        [
            -0.3795539319789354,
            0.913211275753468,
            -0.14826990604805915
        ],
        [
            0.4784355471580097,
            0.3309121836941393,
            0.8133858549933103
        ]
    ],
    "t": [
        [
            0.19148233729873013
        ],
        [
            -0.028777126542285036
        ],
        [
            0.15857926013141133
        ]
    ]
}