{
    "sample_id": 12,
    "read_joints": [
        -31.64,
        -138.07,
        85.95,
        86.22,
        27.86,
        -3.86
    ],
    "R": [
        [
            0.868046855450295,
            0.16866192102897404,
            -0.46695589151640093
        ],
        [
            0.011143127072098084,
            0.9336733952812716,
            0.3579522438453741
        ],
        [
            0.4963572095847779,
            -0.3159226709430394,
            0.8085928397804693
        ]
    ],
    "t": [
        [
            0.10276798998694411
        ],
        [
            -0.10904866648473742
        ],
        [
            0.19356830318963025
        ]
    ]
}