{
    "sample_id": 22,
    "read_joints": [
        19.68,
        -130.86,
        101.77,
        18.54,
        -6.06,
        -4.13
    ],
    "R": [
        [
            0.9565538905601743,
            -0.24666421595060567,
            0.15543942407485223
        ],
        [
            0.22768984307332907,
            0.9649950508972526,
            0.13016096246429706
        ],
        [
            -0.18210432778273344,
            -0.08911399750237703,
            0.979232712751454
        ]
    ],
    "t": [
        [
            0.20186243434688952
        ],
        [
            0.0012919755628406793
        ],
        [
            0.2067036525357649
        ]
    ]
}