{
    "sample_id": 9,
    "read_joints": [
        -0.52,
        -110.3,
        116.89,
        29.0,
        -0.96,
        -4.3
    ],
    "R": [
        [
            0.8128031619501419,
            0.06810062561901768,
            -0.5785441390949595
        ],
        [
            -0.026668579620827054,
            0.9964520210131191,
            0.07982571622187688
        ],
        [
            0.5819276612690496,
            -0.04945364440784074,
            0.8117355051200442
        ]
    ],
    "t": [
        [
            0.09020056991552843
        ],
        [
            -0.06316222176843259
        ],
        [
            0.27729354337380197
        ]
    ]
}