{
    "sample_id": 20,
    "read_joints": [
        -10.54,
        -136.93,
        44.38,
        122.43,
        17.57,
        -4.3
    ],
    "R": [
        [
            0.8680887409786611,
            -0.0435463687657508,
            -0.49449534637597753
        ],
        [
            0.14282749301392536,
            0.9759324032741813,
            0.16479149668188975
        ],
        [
            0.47541796395140246,
            -0.21368117505911705,
            0.8534155560906531
        ]
    ],
    "t": [
        [
            0.16414987843049478
        ],
        [
            -0.07824025132274638
        ],
        [
            0.13376793502145226
        ]
    ]
}