{
    "sample_id": 23,
    "read_joints": [
        19.68,
        -72.33,
        102.12,
        -14.32,
        -5.97,
        -4.13
    ],
    "R": [
        [
            0.937925383256251,
            -0.22089605278902516,
            -0.2673965309343927
        ],
        [
            0.22354092104152745,
            0.9744701735758966,
            -0.020912433224794257
        ],
        [
            0.2651894189282579,
            -0.04015976502593037,
            0.9633596219719395
        ]
    ],
    "t": [
        [
            0.10264961273917642
        ],
        [
            -0.03400271558534913
        ],
        [
            0.33199613758473356
        ]
    ]
}