{
    "sample_id": 1,
    "read_joints": [
        22.5,
        -78.75,
        1.58,
        131.74,
        -9.22,
        2.02
    ],
    "R": [
        [
            0.5906893924520192,
            -0.31734676531921646,
            -0.7418740242117912
        ],
        [
            0.0689350655003386,
            0.9358993305132344,
            -0.3454567855151606
        ],
        [
            0.8039490001351006,
            0.1529165250758429,
            0.5747021299274219
        ]
    ],
    "t": [
        [
            0.18525571366155733
        ],
        [
            0.0022170835738754245
        ],
        [
            0.25768625922919947
        ]
    ]
}