{
    "sample_id": 18,
    "read_joints": [
        24.78,
        -93.6,
        44.38,
        82.0,
        5.44,
        -4.3
    ],
    "R": [
        [
            0.7211777449990149,
            -0.4501909388442485,
            -0.5265270863923611
        ],
        [
            0.43491633961317555,
            0.885832605790236,
            -0.16170455628615873
        ],
        [
            0.5392127894478921,
            -0.11237750638171795,
            0.8346381601783811
        ]
    ],
    "t": [
        [
            0.19179962509463117
        ],
        [
            0.025808800125288064
        ],
        [
            0.27562577217413375
        ]
    ]
}