{
    "sample_id": 3,
    "read_joints": [
        76.2,
        -104.23,
        1.49,
        43.5,
        -116.71,
        -3.95
    ],
    "R": [
        [
            0.8123394462014136,
            0.5298590006191778,
            0.24362687462646584
        ],
        [
            -0.43755176793025313,
            0.2775666325800045,
            0.8552807757863665
        ],
        [
            0.3855555283432636,
            -0.801377686364519,
            0.4573190678097159
        ]
    ],
    "t": [
        [
            0.16439596989260627
        ],
        [
            0.21734221448427704
        ],
        [
            0.13962707007365338
        ]
    ]
}