{
    "sample_id": 24,
    "read_joints": [
        80.94,
        -91.05,
        102.12,
        95.8,
        -67.14,
        -4.3
    ],
    "R": [
        [
            0.892849063885354,
            -0.4113915478364159,
            -0.183241716536584
        ],
        [
            -0.2571079626748305,
            -0.13156757818205125,
            -0.9573846967109829
        ],
        [
            0.3697513064098912,
            0.9019129419860403,
            -0.22324203334718115
        ]
    ],
    "t": [
        [
            0.1089728107587328
        ],
        [
            0.0009736441188740245
        ],
        [
            0.22592480859818945
        ]
    ]
}