{
    "sample_id": 28,
    "read_joints": [
        16.61,
        -106.34,
        28.74,
        89.47,
        -1.4,
        -4.13
    ],
    "R": [
        [
            0.945037369997427,
            -0.24620794050908923,
            -0.2151418472334615
        ],
        [
            0.2541811432294268,
            0.9671073120431785,
            0.009766477960604902
        ],
        [
            0.20566067016418318,
            -0.06391468764678208,
            0.9765339712310154
        ]
    ],
    "t": [
        [
            0.24073463998843853
        ],
        [
            0.0063226141959686994
        ],
        [
            0.20306290448970984
        ]
    ]
}