{
    "sample_id": 11,
    "read_joints": [
        90.79,
        -125.59,
        85.95,
        128.05,
        -79.18,
        -4.3
    ],
    "R": [
        [
            0.9824444948566523,
            -0.18654621269362698,
            -0.0018178575328402574
        ],
        [
            0.017117970582120376,
            0.09984636823262717,
            -0.9948556015927201
        ],
        [
            0.18576805296614432,
            0.9773593005659499,
            0.10128680834451058
        ]
    ],
    "t": [
        [
            0.10968831048829056
        ],
        [
            0.08201131445780903
        ],
        [
            0.1572378276218535
        ]
    ]
}