{
    "sample_id": 17,
    "read_joints": [
        56.51,
        -64.59,
        44.38,
        29.0,
        -64.59,
        -4.3
    ],
    "R": [
        [
            0.9872445931318169,
            0.14153884311847018,
            -0.0729031035956333
        ],
        [
            -0.1456315727817805,
            0.9878505587931484,
            -0.05424677057795914
        ],
        [
            0.06433934670633512,
            0.06417182486480348,
            0.9958626502717344
        ]
    ],
    "t": [
        [
            0.16842191516952618
        ],
        [
            0.06129036473326698
        ],
        [
            0.34472208666094245
        ]
    ]
}