{
    "sample_id": 21,
    "read_joints": [
        -10.54,
        -136.93,
        44.38,
        82.52,
        17.49,
        -4.21
    ],
    "R": [
        [
            0.9786688379301349,
            -0.1262367382775688,
            0.16208512324926003
        ],
        [
            0.12134398623560508,
            0.9918130943670692,
            0.03977953374269998
        ],
        [
            -0.16577978720957653,
            -0.01926293521179752,
            0.9859746433552754
        ]
    ],
    "t": [
        [
            0.2159804394750372
        ],
        [
            -0.08801625952662712
        ],
        [
            0.111197253063251
        ]
    ]
}