{
    "sample_id": 14,
    "R": [
        [
            0.8440692421428978,
            -0.12207875165897537,
            0.5221531316210796
        ],
        [
            0.31267399182388056,
            0.9031200315951109,
            -0.29429438215597276
        ],
        [
            -0.435639861933265,
            0.41166854012060733,
            0.8004666912306432
        ]
    ],
    "t": [
        [
            -0.0022927634026462473
        ],
        [
            0.021136623543794707
        ],
        [
            0.9064482908591984
        ]
    ],
    "T": [
        [
            0.8440692421428978,
            -0.12207875165897537,
            0.5221531316210796,
            -0.0022927634026462473
        ],
        [
            0.31267399182388056,
            0.9031200315951109,
            -0.29429438215597276,
            0.021136623543794707
        ],
        [
            -0.435639861933265,
            0.41166854012060733,
            0.8004666912306432,
            0.9064482908591984
        ],
        [
            0.0,
            0.0,
            0.0,
            1.0
        ]
    ],
    "rvec": [
        [
            0.3822599954278796
        ],
        [
            0.5186192274181491
        ],
        [
            0.23540695480166554
        ]
    ]
}