{
    "sample_id": 17,
    "R": [
        [
            0.9630384773867862,
            -0.05340325455728519,
            0.26401701360940805
        ],
        [
            0.17295926344879808,
            0.8739973795377757,
            -0.45410755746667614
        ],
        [
            -0.206499356560232,
            0.48298723892437484,
            0.8509296932040972
        ]
    ],
    "t": [
        [
            0.1527459060872407
        ],
        [
            -0.0932220217737903
        ],
        [
            0.8313787952653442
        ]
    ],
    "T": [
        [
            0.9630384773867862,
            -0.05340325455728519,
            0.26401701360940805,
            0.1527459060872407
        ],
        [
            0.17295926344879808,
            0.8739973795377757,
            -0.45410755746667614,
            -0.0932220217737903
        ],
        [
            -0.206499356560232,
            0.48298723892437484,
            0.8509296932040972,
            0.8313787952653442
        ],
        [
            0.0,
            0.0,
            0.0,
            1.0
        ]
    ],
    "rvec": [
        [
            0.49454450031745845
        ],
        [
            0.24831135982493127
        ],
        [
            0.11946106070490309
        ]
    ]
}