{
    "sample_id": 16,
    "R": [
        [
            0.9300327774511157,
            -0.03650548021636911,
            -0.36565883386120446
        ],
        [
            -0.0997780502212607,
            0.9325854230981514,
            -0.34688437456721144
        ],
        [
            0.3536712789591589,
            0.3590985638219877,
            0.8636925656160175
        ]
    ],
    "t": [
        [
            0.22485533448216888
        ],
        [
            0.08971190679852088
        ],
        [
            0.8982894872407632
        ]
    ],
    "T": [
        [
            0.9300327774511157,
            -0.03650548021636911,
            -0.36565883386120446,
            0.22485533448216888
        ],
        [
            -0.0997780502212607,
            0.9325854230981514,
            -0.34688437456721144,
            0.08971190679852088
        ],
        [
            0.3536712789591589,
            0.3590985638219877,
            0.8636925656160175,
            0.8982894872407632
        ],
        [
            0.0,
            0.0,
            0.0,
            1.0
        ]
    ],
    "rvec": [
        [
            0.3700295431011559
        ],
        [
            -0.3770252487873639
        ],
        [
            -0.03316329460194237
        ]
    ]
}