{
    "sample_id": 6,
    "R": [
        [
            0.92133406989091,
            -0.14477871786238625,
            -0.3608083348709883
        ],
        [
            0.05033280794617688,
            0.9646819247851556,
            -0.258564097347371
        ],
        [
            0.3854998574610696,
            0.22006341551228145,
            0.8960814433133654
        ]
    ],
    "t": [
        [
            0.044345915689991244
        ],
        [
            0.09621422387511468
        ],
        [
            0.8767754703779128
        ]
    ],
    "T": [
        [
            0.92133406989091,
            -0.14477871786238625,
            -0.3608083348709883,
            0.044345915689991244
        ],
        [
            0.05033280794617688,
            0.9646819247851556,
            -0.258564097347371,
            0.09621422387511468
        ],
        [
            0.3854998574610696,
            0.22006341551228145,
            0.8960814433133654,
            0.8767754703779128
        ],
        [
            0.0,
            0.0,
            0.0,
            1.0
        ]
    ],
    "rvec": [
        [
            0.248402289557591
        ],
        [
            -0.38732554796788365
        ],
        [
            0.10126068482848327
        ]
    ]
}