{
    "sample_id": 25,
    "R": [
        [
            -0.3056592649627774,
            -0.9214710817613858,
            0.2397153712633302
        ],
        [
            0.7641701258870941,
            -0.3876027576461434,
            -0.515565826026908
        ],
        [
            0.5679933383800532,
            0.02559585401205866,
            0.8226350465505808
        ]
    ],
    "t": [
        [
            0.24130564391296702
        ],
        [
            -0.0035491966143649726
        ],
        [
            0.9065580515058005
        ]
    ],
    "T": [
        [
            -0.3056592649627774,
            -0.9214710817613858,
            0.2397153712633302,
            0.24130564391296702
        ],
        [
            0.7641701258870941,
            -0.3876027576461434,
            -0.515565826026908,
            -0.0035491966143649726
        ],
        [
            0.5679933383800532,
            0.02559585401205866,
            0.8226350465505808,
            0.9065580515058005
        ],
        [
            0.0,
            0.0,
            0.0,
            1.0
        ]
    ],
    "rvec": [
        [
            0.60747098790283
        ],
        [
            -0.368502331829499
        ],
        [
            1.892185214566947
        ]
    ]
}