{
    "sample_id": 18,
    "R": [
        [
            0.9356058431900814,
            0.01786849654147762,
            -0.35259384994625753
        ],
        [
            -0.005311928317360786,
            0.9993177979167522,
            0.036547533218594344
        ],
        [
            0.3530063591581999,
            -0.03232113237744369,
            0.9350624871075258
        ]
    ],
    "t": [
        [
            0.11380966791793462
        ],
        [
            -0.014089867521413365
        ],
        [
            0.8435710003242824
        ]
    ],
    "T": [
        [
            0.9356058431900814,
            0.01786849654147762,
            -0.35259384994625753,
            0.11380966791793462
        ],
        [
            -0.005311928317360786,
            0.9993177979167522,
            0.036547533218594344,
            -0.014089867521413365
        ],
        [
            0.3530063591581999,
            -0.03232113237744369,
            0.9350624871075258,
            0.8435710003242824
        ],
        [
            0.0,
            0.0,
            0.0,
            1.0
        ]
    ],
    "rvec": [
        [
            -0.035200448406317586
        ],
        [
            -0.36064941205274686
        ],
        [
            -0.011848078399924807
        ]
    ]
}