{
    "sample_id": 28,
    "R": [
        [
            0.9821576023711992,
            -0.10826294834099787,
            -0.15377118755141309
        ],
        [
            0.047409890471455,
            0.9338029801005432,
            -0.3546326220764655
        ],
        [
            0.1819855664330061,
            0.3410148506617549,
            0.9222744305455935
        ]
    ],
    "t": [
        [
            0.0896173558411371
        ],
        [
            0.07474668662417494
        ],
        [
            0.84179705523977
        ]
    ],
    "T": [
        [
            0.9821576023711992,
            -0.10826294834099787,
            -0.15377118755141309,
            0.0896173558411371
        ],
        [
            0.047409890471455,
            0.9338029801005432,
            -0.3546326220764655,
            0.07474668662417494
        ],
        [
            0.1819855664330061,
            0.3410148506617549,
            0.9222744305455935,
            0.84179705523977
        ],
        [
            0.0,
            0.0,
            0.0,
            1.0
        ]
    ],
    "rvec": [
        [
            0.35751565674221264
        ],
        [
            -0.17255621720851824
        ],
        [
            0.08000528915297656
        ]
    ]
}