{
    "sample_id": 8,
    "R": [
        [
            0.9833235837874758,
            -0.1276533151451808,
            0.1295351716708644
        ],
        [
            0.18017706135180267,
            0.7806088730589517,
            -0.5984864358231207
        ],
        [
            -0.024717526777246455,
            0.6118450934951417,
            0.7905913137873053
        ]
    ],
    "t": [
        [
            0.015230779983904952
        ],
        [
            -0.0456980274986484
        ],
        [
            0.8213427386069263
        ]
    ],
    "T": [
        [
            0.9833235837874758,
            -0.1276533151451808,
            0.1295351716708644,
            0.015230779983904952
        ],
        [
            0.18017706135180267,
            0.7806088730589517,
            -0.5984864358231207,
            -0.0456980274986484
        ],
        [
            -0.024717526777246455,
            0.6118450934951417,
            0.7905913137873053,
            0.8213427386069263
        ],
        [
            0.0,
            0.0,
            0.0,
            1.0
        ]
    ],
    "rvec": [
        [
            0.6545243148000538
        ],
        [
            0.08341693107398229
        ],
        [
            0.1664688239302654
        ]
    ]
}