{
    "sample_id": 19,
    "R": [
        [
            0.9808729307635854,
            -0.19464134857246698,
            0.0017433075305007127
        ],
        [
            0.18474482597958894,
            0.9281053491269476,
            -0.3232488363408569
        ],
        [
            0.06129961638563407,
            0.31738810051392613,
            0.9463123959259627
        ]
    ],
    "t": [
        [
            -0.004553834748704011
        ],
        [
            0.007263386686162446
        ],
        [
            0.8595683270937603
        ]
    ],
    "T": [
        [
            0.9808729307635854,
            -0.19464134857246698,
            0.0017433075305007127,
            -0.004553834748704011
        ],
        [
            0.18474482597958894,
            0.9281053491269476,
            -0.3232488363408569,
            0.007263386686162446
        ],
        [
            0.06129961638563407,
            0.31738810051392613,
            0.9463123959259627,
            0.8595683270937603
        ],
        [
            0.0,
            0.0,
            0.0,
            1.0
        ]
    ],
    "rvec": [
        [
            0.3282747345547553
        ],
        [
            -0.030517802449020557
        ],
        [
            0.1944048002543617
        ]
    ]
}