{
    "sample_id": 11,
    "R": [
        [
            0.2245244018211897,
            0.9739193009545573,
            0.03271067432847448
        ],
        [
            -0.9101611971261687,
            0.22158151965105705,
            -0.3500117503670237
        ],
        [
            -0.3481312801698469,
            0.04881419237593498,
            0.936174015015365
        ]
    ],
    "t": [
        [
            0.19345161895962698
        ],
        [
            0.04743515859610937
        ],
        [
            0.9750490865009503
        ]
    ],
    "T": [
        [
            0.2245244018211897,
            0.9739193009545573,
            0.03271067432847448,
            0.19345161895962698
        ],
        [
            -0.9101611971261687,
            0.22158151965105705,
            -0.3500117503670237,
            0.04743515859610937
        ],
        [
            -0.3481312801698469,
            0.04881419237593498,
            0.936174015015365,
            0.9750490865009503
        ],
        [
            0.0,
            0.0,
            0.0,
            1.0
        ]
    ],
    "rvec": [
        [
            0.28004869943406907
        ],
        [
            0.26742065301384366
        ],
        [
            -1.3229688356974763
        ]
    ]
}