{
    "sample_id": 9,
    "R": [
        [
            0.9753262545622755,
            -0.18938450545488866,
            0.11345574580042463
        ],
        [
            0.18435977734838538,
            0.9814098190900576,
            0.053350159228197434
        ],
        [
            -0.12145027648209404,
            -0.0311171349456775,
            0.9921096483026437
        ]
    ],
    "t": [
        [
            0.02755733304744072
        ],
        [
            -0.07134334554983233
        ],
        [
            0.9463143140872484
        ]
    ],
    "T": [
        [
            0.9753262545622755,
            -0.18938450545488866,
            0.11345574580042463,
            0.02755733304744072
        ],
        [
            0.18435977734838538,
            0.9814098190900576,
            0.053350159228197434,
            -0.07134334554983233
        ],
        [
            -0.12145027648209404,
            -0.0311171349456775,
            0.9921096483026437,
            0.9463143140872484
        ],
        [
            0.0,
            0.0,
            0.0,
            1.0
        ]
    ],
    "rvec": [
        [
            -0.04259744373081053
        ],
        [
            0.11846474027698893
        ],
        [
            0.18848184036358895
        ]
    ]
}