{
    "sample_id": 1,
    "R": [
        [
            0.9802054678026703,
            0.1979702727936545,
            -0.0022387451293798427
        ],
        [
            -0.1854568335952618,
            0.9220888356672208,
            0.3396438458307296
        ],
        [
            0.06930370670150102,
            -0.33250556420588673,
            0.9405514584591091
        ]
    ],
    "t": [
        [
            0.09155349850467538
        ],
        [
            -0.00026563022037232216
        ],
        [
            0.85851090007371
        ]
    ],
    "T": [
        [
            0.9802054678026703,
            0.1979702727936545,
            -0.0022387451293798427,
            0.09155349850467538
        ],
        [
            -0.1854568335952618,
            0.9220888356672208,
            0.3396438458307296,
            -0.00026563022037232216
        ],
        [
            0.06930370670150102,
            -0.33250556420588673,
            0.9405514584591091,
            0.85851090007371
        ],
        [
            0.0,
            0.0,
            0.0,
            1.0
        ]
    ],
    "rvec": [
        [
            -0.34516362670385203
        ],
        [
            -0.03673863544102084
        ],
        [
            -0.19689832147669725
        ]
    ]
}