{
    "sample_id": 26,
    "R": [
        [
            0.9258263897415098,
            0.040419014685668574,
            0.3757815845807798
        ],
        [
            0.07222337108592904,
            0.9570225613601236,
            -0.2808764883657806
        ],
        [
            -0.37098420549557937,
            0.28718307801739995,
            0.8831175453886452
        ]
    ],
    "t": [
        [
            0.08269403726083677
        ],
        [
            -0.013169193893175083
        ],
        [
            0.8923059966970556
        ]
    ],
    "T": [
        [
            0.9258263897415098,
            0.040419014685668574,
            0.3757815845807798,
            0.08269403726083677
        ],
        [
            0.07222337108592904,
            0.9570225613601236,
            -0.2808764883657806,
            -0.013169193893175083
        ],
        [
            -0.37098420549557937,
            0.28718307801739995,
            0.8831175453886452,
            0.8923059966970556
        ],
        [
            0.0,
            0.0,
            0.0,
            1.0
        ]
    ],
    "rvec": [
        [
            0.2956545246820136
        ],
        [
            0.38866467141737315
        ],
        [
            0.016553020899208952
        ]
    ]
}