{
    "sample_id": 5,
    "R": [
        [
            0.8087130887082944,
            -0.116513216252781,
            0.5765481858356013
        ],
        [
            0.40522529900945675,
            0.8208343440223255,
            -0.4025213493917248
        ],
        [
            -0.42635149488958834,
            0.5591561947362036,
            0.7110335805667283
        ]
    ],
    "t": [
        [
            0.14005345008323133
        ],
        [
            0.1014134472923751
        ],
        [
            0.8547963448101622
        ]
    ],
    "T": [
        [
            0.8087130887082944,
            -0.116513216252781,
            0.5765481858356013,
            0.14005345008323133
        ],
        [
            0.40522529900945675,
            0.8208343440223255,
            -0.4025213493917248,
            0.1014134472923751
        ],
        [
            -0.42635149488958834,
            0.5591561947362036,
            0.7110335805667283,
            0.8547963448101622
        ],
        [
            0.0,
            0.0,
            0.0,
            1.0
        ]
    ],
    "rvec": [
        [
            0.5418086155373779
        ],
        [
            0.5650331453141527
        ],
        [
            0.2939472012763937
        ]
    ]
}