{
    "sample_id": 27,
    "R": [
        [
            0.8015821314024187,
            0.31832478038431034,
            0.5060982323715784
        ],
        [
            -0.44444042174542386,
            0.8834559062975149,
            0.14825104770889927
        ],
        [
            -0.3999234903517238,
            -0.34376590264497897,
            0.8496388680160398
        ]
    ],
    "t": [
        [
            0.06499732001170545
        ],
        [
            0.019365974958091746
        ],
        [
            0.9506503185986539
        ]
    ],
    "T": [
        [
            0.8015821314024187,
            0.31832478038431034,
            0.5060982323715784,
            0.06499732001170545
        ],
        [
            -0.44444042174542386,
            0.8834559062975149,
            0.14825104770889927,
            0.019365974958091746
        ],
        [
            -0.3999234903517238,
            -0.34376590264497897,
            0.8496388680160398,
            0.9506503185986539
        ],
        [
            0.0,
            0.0,
            0.0,
            1.0
        ]
    ],
    "rvec": [
        [
            -0.2670604729785682
        ],
        [
            0.4917769390369846
        ],
        [
            -0.41401914203534584
        ]
    ]
}