{
    "sample_id": 21,
    "R": [
        [
            0.9927797950196029,
            -0.08743689750686169,
            -0.08211618327229941
        ],
        [
            0.01606308937760574,
            0.7753240444638149,
            -0.6313593297290534
        ],
        [
            0.11887075233413116,
            0.6254817463608727,
            0.7711305526361089
        ]
    ],
    "t": [
        [
            -0.0010514852163421818
        ],
        [
            0.14101712418266052
        ],
        [
            0.9153795081233222
        ]
    ],
    "T": [
        [
            0.9927797950196029,
            -0.08743689750686169,
            -0.08211618327229941,
            -0.0010514852163421818
        ],
        [
            0.01606308937760574,
            0.7753240444638149,
            -0.6313593297290534,
            0.14101712418266052
        ],
        [
            0.11887075233413116,
            0.6254817463608727,
            0.7711305526361089,
            0.9153795081233222
        ],
        [
            0.0,
            0.0,
            0.0,
            1.0
        ]
    ],
    "rvec": [
        [
            0.6816161881851186
        ],
        [
            -0.1090002161206109
        ],
        [
            0.05613061816604158
        ]
    ]
}