{
    "sample_id": 7,
    "R": [
        [
            0.9507322559282858,
            -0.16599682677011907,
            0.2618267194916582
        ],
        [
            0.20227179029483305,
            0.9721796329455253,
            -0.11812232700394362
        ],
        [
            -0.2349346725973743,
            0.16526286572655877,
            0.9578590109318854
        ]
    ],
    "t": [
        [
            0.01420837088765276
        ],
        [
            0.016214883237968637
        ],
        [
            0.866923152121913
        ]
    ],
    "T": [
        [
            0.9507322559282858,
            -0.16599682677011907,
            0.2618267194916582,
            0.01420837088765276
        ],
        [
            0.20227179029483305,
            0.9721796329455253,
            -0.11812232700394362,
            0.016214883237968637
        ],
        [
            -0.2349346725973743,
            0.16526286572655877,
            0.9578590109318854,
            0.866923152121913
        ],
        [
            0.0,
            0.0,
            0.0,
            1.0
        ]
    ],
    "rvec": [
        [
            0.14457714668548655
        ],
        [
            0.2534371819491757
        ],
        [
            0.18788287897489
        ]
    ]
}