{
    "sample_id": 4,
    "R": [
        [
            0.9955085002555681,
            0.056028909994314,
            0.0763124312530966
        ],
        [
            -0.015582241556370826,
            0.8920478172423051,
            -0.4516723209377766
        ],
        [
            -0.09338104554452388,
            0.4484545160861779,
            0.8889142407088119
        ]
    ],
    "t": [
        [
            0.2574203805739194
        ],
        [
            0.08051516693733386
        ],
        [
            0.930157898031402
        ]
    ],
    "T": [
        [
            0.9955085002555681,
            0.056028909994314,
            0.0763124312530966,
            0.2574203805739194
        ],
        [
            -0.015582241556370826,
            0.8920478172423051,
            -0.4516723209377766,
            0.08051516693733386
        ],
        [
            -0.09338104554452388,
            0.4484545160861779,
            0.8889142407088119,
            0.930157898031402
        ],
        [
            0.0,
            0.0,
            0.0,
            1.0
        ]
    ],
    "rvec": [
        [
            0.46761785970657
        ],
        [
            0.08815613218313371
        ],
        [
            -0.037202149788100256
        ]
    ]
}