{
    "sample_id": 20,
    "R": [
        [
            0.9656749087293974,
            -0.25915576269167423,
            -0.01761423612214247
        ],
        [
            0.256923959375012,
            0.9629384858291846,
            -0.082094772111654
        ],
        [
            0.03823675914008849,
            0.07475134228021495,
            0.9964688590607179
        ]
    ],
    "t": [
        [
            0.010975950890315792
        ],
        [
            0.0929224993229174
        ],
        [
            0.9502432425017955
        ]
    ],
    "T": [
        [
            0.9656749087293974,
            -0.25915576269167423,
            -0.01761423612214247,
            0.010975950890315792
        ],
        [
            0.256923959375012,
            0.9629384858291846,
            -0.082094772111654,
            0.0929224993229174
        ],
        [
            0.03823675914008849,
            0.07475134228021495,
            0.9964688590607179,
            0.9502432425017955
        ],
        [
            0.0,
            0.0,
            0.0,
            1.0
        ]
    ],
    "rvec": [
        [
            0.07941718193433675
        ],
        [
            -0.02827949336935769
        ],
        [
            0.26131088639908756
        ]
    ]
}