{
    "sample_id": 10,
    "R": [
        [
            0.986232853285669,
            0.07827138788652668,
            -0.145665194670261
        ],
        [
            -0.109686742637097,
            0.968848194314916,
            -0.22204052527047868
        ],
        [
            0.12374804075083935,
            0.2349612015015324,
            0.9640952526588257
        ]
    ],
    "t": [
        [
            0.12030841655556945
        ],
        [
            -0.015695920633249247
        ],
        [
            0.904741345539855
        ]
    ],
    "T": [
        [
            0.986232853285669,
            0.07827138788652668,
            -0.145665194670261,
            0.12030841655556945
        ],
        [
            -0.109686742637097,
            0.968848194314916,
            -0.22204052527047868,
            -0.015695920633249247
        ],
        [
            0.12374804075083935,
            0.2349612015015324,
            0.9640952526588257,
            0.904741345539855
        ],
        [
            0.0,
            0.0,
            0.0,
            1.0
        ]
    ],
    "rvec": [
        [
            0.2316295442593925
        ],
        [
            -0.13655104845844493
        ],
        [
            -0.09526584597513768
        ]
    ]
}