{
    "sample_id": 13,
    "R": [
        [
            0.8520089601603736,
            -0.4054033364168091,
            0.33125347791164145
        ],
        [
            0.47222301560389474,
            0.8682842883245135,
            -0.15194676101436627
        ],
        [
            -0.22602246645057797,
            0.28588551812030044,
            0.9312267796775846
        ]
    ],
    "t": [
        [
            -0.039208197618867804
        ],
        [
            -0.10003014214499768
        ],
        [
            0.9705914769239781
        ]
    ],
    "T": [
        [
            0.8520089601603736,
            -0.4054033364168091,
            0.33125347791164145,
            -0.039208197618867804
        ],
        [
            0.47222301560389474,
            0.8682842883245135,
            -0.15194676101436627,
            -0.10003014214499768
        ],
        [
            -0.22602246645057797,
            0.28588551812030044,
            0.9312267796775846,
            0.9705914769239781
        ],
        [
            0.0,
            0.0,
            0.0,
            1.0
        ]
    ],
    "rvec": [
        [
            0.23258868720246473
        ],
        [
            0.29604048510287106
        ],
        [
            0.4662195338229035
        ]
    ]
}