{
    "sample_id": 2,
    "R": [
        [
            0.9623796635110188,
            0.00618390207539559,
            -0.2716378887702159
        ],
        [
            -0.10463632730430611,
            0.9310685532823111,
            -0.3495176506230415
        ],
        [
            0.250752113188871,
            0.36479187003537555,
            0.8966885018151004
        ]
    ],
    "t": [
        [
            0.11894743564539909
        ],
        [
            0.10668894134567387
        ],
        [
            0.8569783005848871
        ]
    ],
    "T": [
        [
            0.9623796635110188,
            0.00618390207539559,
            -0.2716378887702159,
            0.11894743564539909
        ],
        [
            -0.10463632730430611,
            0.9310685532823111,
            -0.3495176506230415,
            0.10668894134567387
        ],
        [
            0.250752113188871,
            0.36479187003537555,
            0.8966885018151004,
            0.8569783005848871
        ],
        [
            0.0,
            0.0,
            0.0,
            1.0
        ]
    ],
    "rvec": [
        [
            0.37019610722421187
        ],
        [
            -0.2707324200296918
        ],
        [
            -0.05743339033230956
        ]
    ]
}