{
    "sample_id": 3,
    "R": [
        [
            0.11406496154819809,
            -0.8509250475794699,
            0.5127531062303622
        ],
        [
            0.9910948381422748,
            0.13315693692141273,
            0.0005019536282590049
        ],
        [
            -0.06870375793758376,
            0.5081297015050231,
            0.8585359631917988
        ]
    ],
    "t": [
        [
            0.31632465035366064
        ],
        [
            0.07935314386204224
        ],
        [
            0.9199979655255192
        ]
    ],
    "T": [
        [
            0.11406496154819809,
            -0.8509250475794699,
            0.5127531062303622,
            0.31632465035366064
        ],
        [
            0.9910948381422748,
            0.13315693692141273,
            0.0005019536282590049,
            0.07935314386204224
        ],
        [
            -0.06870375793758376,
            0.5081297015050231,
            0.8585359631917988,
            0.9199979655255192
        ],
        [
            0.0,
            0.0,
            0.0,
            1.0
        ]
    ],
    "rvec": [
        [
            0.38580199567514095
        ],
        [
            0.44191283776997625
        ],
        [
            1.3999529201411356
        ]
    ]
}