{
    "sample_id": 12,
    "R": [
        [
            0.8914058568954489,
            -0.4388782019733196,
            0.11305539405599613
        ],
        [
            0.44303844472837023,
            0.8964023762995247,
            -0.013405829225828147
        ],
        [
            -0.09545959765868126,
            0.062037920639164953,
            0.9934982443958376
        ]
    ],
    "t": [
        [
            -0.018559845645883744
        ],
        [
            0.006679376286457063
        ],
        [
            0.9810060239411356
        ]
    ],
    "T": [
        [
            0.8914058568954489,
            -0.4388782019733196,
            0.11305539405599613,
            -0.018559845645883744
        ],
        [
            0.44303844472837023,
            0.8964023762995247,
            -0.013405829225828147,
            0.006679376286457063
        ],
        [
            -0.09545959765868126,
            0.062037920639164953,
            0.9934982443958376,
            0.9810060239411356
        ],
        [
            0.0,
            0.0,
            0.0,
            1.0
        ]
    ],
    "rvec": [
        [
            0.03915989617751726
        ],
        [
            0.10823196675158246
        ],
        [
            0.45776839544513936
        ]
    ]
}