{
    "sample_id": 22,
    "R": [
        [
            0.9718236330206148,
            -0.1980942978669558,
            -0.12773987417878183
        ],
        [
            0.06503665343628147,
            0.7462544909983846,
            -0.662476013433355
        ],
        [
            0.226559175520265,
            0.6355020722368572,
            0.7381111407980766
        ]
    ],
    "t": [
        [
            0.08634060835157753
        ],
        [
            0.04560958181254585
        ],
        [
            0.8758036813551361
        ]
    ],
    "T": [
        [
            0.9718236330206148,
            -0.1980942978669558,
            -0.12773987417878183,
            0.08634060835157753
        ],
        [
            0.06503665343628147,
            0.7462544909983846,
            -0.662476013433355,
            0.04560958181254585
        ],
        [
            0.226559175520265,
            0.6355020722368572,
            0.7381111407980766,
            0.8758036813551361
        ],
        [
            0.0,
            0.0,
            0.0,
            1.0
        ]
    ],
    "rvec": [
        [
            0.7150561008952019
        ],
        [
            -0.19518333924556325
        ],
        [
            0.1449588357006697
        ]
    ]
}