{
    "sample_id": 0,
    "R": [
        [
            0.9926951783720857,
            0.008043089758894999,
            -0.12038102651142044
        ],
        [
            -0.040620746644952105,
            0.9618040185765321,
            -0.2707083020375265
        ],
        [
            0.11360562388728633,
            0.27362079335672645,
            0.955104928091158
        ]
    ],
    "t": [
        [
            0.08156126989935267
        ],
        [
            0.007399572615085938
        ],
        [
            0.813999341869542
        ]
    ],
    "T": [
        [
            0.9926951783720857,
            0.008043089758894999,
            -0.12038102651142044,
            0.08156126989935267
        ],
        [
            -0.040620746644952105,
            0.9618040185765321,
            -0.2707083020375265,
            0.007399572615085938
        ],
        [
            0.11360562388728633,
            0.27362079335672645,
            0.955104928091158,
            0.813999341869542
        ],
        [
            0.0,
            0.0,
            0.0,
            1.0
        ]
    ],
    "rvec": [
        [
            0.27634057084368313
        ],
        [
            -0.11878844083127185
        ],
        [
            -0.024705260925915774
        ]
    ]
}