{
    "sample_id": 23,
    "R": [
        [
            0.9921662036688533,
            -0.08002817672953186,
            -0.09592557128671336
        ],
        [
            0.05028140215607778,
            0.9587436711996108,
            -0.2797898381498357
        ],
        [
            0.11435910499192571,
            0.27277474931532664,
            0.9552569974836125
        ]
    ],
    "t": [
        [
            0.05546510934780603
        ],
        [
            -0.11325566261394303
        ],
        [
            0.9045971530977326
        ]
    ],
    "T": [
        [
            0.9921662036688533,
            -0.08002817672953186,
            -0.09592557128671336,
            0.05546510934780603
        ],
        [
            0.05028140215607778,
            0.9587436711996108,
            -0.2797898381498357,
            -0.11325566261394303
        ],
        [
            0.11435910499192571,
            0.27277474931532664,
            0.9552569974836125,
            0.9045971530977326
        ],
        [
            0.0,
            0.0,
            0.0,
            1.0
        ]
    ],
    "rvec": [
        [
            0.2806857831744128
        ],
        [
            -0.10681813563481204
        ],
        [
            0.06619325058890294
        ]
    ]
}