{
    "sample_id": 24,
    "R": [
        [
            -0.009865198503898156,
            0.9492416729666177,
            0.314392945471134
        ],
        [
            -0.9918363997589296,
            0.03068523181991989,
            -0.12376983744597259
        ],
        [
            -0.12713470797435053,
            -0.31304738116089476,
            0.9411897275133116
        ]
    ],
    "t": [
        [
            0.11366004500994244
        ],
        [
            -0.016414357367214614
        ],
        [
            0.946897172124609
        ]
    ],
    "T": [
        [
            -0.009865198503898156,
            0.9492416729666177,
            0.314392945471134,
            0.11366004500994244
        ],
        [
            -0.9918363997589296,
            0.03068523181991989,
            -0.12376983744597259,
            -0.016414357367214614
        ],
        [
            -0.12713470797435053,
            -0.31304738116089476,
            0.9411897275133116,
            0.946897172124609
        ],
        [
            0.0,
            0.0,
            0.0,
            1.0
        ]
    ],
    "rvec": [
        [
            -0.1504831688261141
        ],
        [
            0.3510320300590243
        ],
        [
            -1.5432342030102026
        ]
    ]
}