{
    "sample_id": 15,
    "R": [
        [
            0.8822166508513075,
            0.049682173300753175,
            0.4682151883662214
        ],
        [
            -0.03740675836297601,
            0.9986698439239851,
            -0.03548629687100812
        ],
        [
            -0.46935542543948094,
            0.013792189563565486,
            0.8829016140644248
        ]
    ],
    "t": [
        [
            0.0632406148008136
        ],
        [
            0.08735288296409621
        ],
        [
            0.912706535295064
        ]
    ],
    "T": [
        [
            0.8822166508513075,
            0.049682173300753175,
            0.4682151883662214,
            0.0632406148008136
        ],
        [
            -0.03740675836297601,
            0.9986698439239851,
            -0.03548629687100812,
            0.08735288296409621
        ],
        [
            -0.46935542543948094,
            0.013792189563565486,
            0.8829016140644248,
            0.912706535295064
        ],
        [
            0.0,
            0.0,
            0.0,
            1.0
        ]
    ],
    "rvec": [
        [
            0.025657530903002733
        ],
        [
            0.4881592097883433
        ],
        [
            -0.04534406628820314
        ]
    ]
}